Workbook
Name Slicer_diabetes_status1: #N/A
Name Slicer_weight_status1: #N/A

Sheet Customer Names
A1: Customer ID | B1: Title | C1: First name | D1: Last name
A2: Id1 | B2: Ms | C2: Hawks | D2: Kelly
A3: Id2 | B3: Mr | C3: Lehner | D3: Matthew D
A4: Id3 | B4: Mr | C4: Lu | D4: Phil
A5: Id4 | B5: Ms | C5: Osborne | D5: Kelsey
A6: Id5 | B6: Ms | C6: Kadala | D6: Kristyn
A7: Id6 | B7: Mr | C7: Baker | D7: Russell B
A8: Id7 | B8: Mr | C8: Macpherson | D8: Scott
A9: Id8 | B9: Mr | C9: Hallman | D9: Stephen
A10: Id9 | B10: Mr | C10: Moran | D10: Patrick R
A11: Id10 | B11: Ms | C11: Benner | D11: Brooke N
A12: Id11 | B12: Ms | C12: Fierro Vargas | D12: Paola Andrea
... A2336: Id2335 | B2336: Mr | C2336: German | D2336: Aaron K

Sheet Medical Examinations
A1: Customer ID | B1: BMI | C1: HBA1C | D1: Heart Issues | E1: Any Transplants | F1: Cancer history | G1: NumberOfMajorSurgeries | H1: smoker | I1: weight status | J1: Diabetes status
A2: Id1 | B2: 47.41 | C2: 7.47 | D2: No | E2: No | F2: No | G2: 0 | H2: yes | I2: =IF(B2<18.5,"Underweight",IF(B2<24.9,"Normal weight",IF(B2<29.9,"Overweight","Obesity"))) -> Obesity | J2: =IF(C2<5.7,"Normal",IF(C2<6.4,"Prediabetes","Diabetes")) -> Diabetes
A3: Id2 | B3: 30.36 | C3: 5.77 | D3: No | E3: No | F3: No | G3: 0 | H3: yes | I3: =IF(B3<18.5,"Underweight",IF(B3<24.9,"Normal weight",IF(B3<29.9,"Overweight","Obesity"))) -> Obesity | J3: =IF(C3<5.7,"Normal",IF(C3<6.4,"Prediabetes","Diabetes")) -> Prediabetes
A4: Id3 | B4: 34.485 | C4: 11.87 | D4: Yes | E4: No | F4: No | G4: 2 | H4: yes | I4: =IF(B4<18.5,"Underweight",IF(B4<24.9,"Normal weight",IF(B4<29.9,"Overweight","Obesity"))) -> Obesity | J4: =IF(C4<5.7,"Normal",IF(C4<6.4,"Prediabetes","Diabetes")) -> Diabetes
A5: Id4 | B5: 38.095 | C5: 6.05 | D5: No | E5: No | F5: No | G5: 0 | H5: yes | I5: =IF(B5<18.5,"Underweight",IF(B5<24.9,"Normal weight",IF(B5<29.9,"Overweight","Obesity"))) -> Obesity | J5: =IF(C5<5.7,"Normal",IF(C5<6.4,"Prediabetes","Diabetes")) -> Prediabetes
A6: Id5 | B6: 35.53 | C6: 5.45 | D6: No | E6: No | F6: No | G6: 0 | H6: yes | I6: =IF(B6<18.5,"Underweight",IF(B6<24.9,"Normal weight",IF(B6<29.9,"Overweight","Obesity"))) -> Obesity | J6: =IF(C6<5.7,"Normal",IF(C6<6.4,"Prediabetes","Diabetes")) -> Normal
A7: Id6 | B7: 32.8 | C7: 6.59 | D7: No | E7: No | F7: No | G7: 0 | H7: yes | I7: =IF(B7<18.5,"Underweight",IF(B7<24.9,"Normal weight",IF(B7<29.9,"Overweight","Obesity"))) -> Obesity | J7: =IF(C7<5.7,"Normal",IF(C7<6.4,"Prediabetes","Diabetes")) -> Diabetes
A8: Id7 | B8: 36.4 | C8: 6.07 | D8: No | E8: No | F8: No | G8: 0 | H8: yes | I8: =IF(B8<18.5,"Underweight",IF(B8<24.9,"Normal weight",IF(B8<29.9,"Overweight","Obesity"))) -> Obesity | J8: =IF(C8<5.7,"Normal",IF(C8<6.4,"Prediabetes","Diabetes")) -> Prediabetes
A9: Id8 | B9: 36.96 | C9: 7.93 | D9: No | E9: No | F9: No | G9: 3 | H9: yes | I9: =IF(B9<18.5,"Underweight",IF(B9<24.9,"Normal weight",IF(B9<29.9,"Overweight","Obesity"))) -> Obesity | J9: =IF(C9<5.7,"Normal",IF(C9<6.4,"Prediabetes","Diabetes")) -> Diabetes
A10: Id9 | B10: 41.14 | C10: 9.58 | D10: Yes | E10: No | F10: Yes | G10: 1 | H10: yes | I10: =IF(B10<18.5,"Underweight",IF(B10<24.9,"Normal weight",IF(B10<29.9,"Overweight","Obesity"))) -> Obesity | J10: =IF(C10<5.7,"Normal",IF(C10<6.4,"Prediabetes","Diabetes")) -> Diabetes
A11: Id10 | B11: 38.06 | C11: 10.79 | D11: No | E11: No | F11: No | G11: 0 | H11: yes | I11: =IF(B11<18.5,"Underweight",IF(B11<24.9,"Normal weight",IF(B11<29.9,"Overweight","Obesity"))) -> Obesity | J11: =IF(C11<5.7,"Normal",IF(C11<6.4,"Prediabetes","Diabetes")) -> Diabetes
A12: Id11 | B12: 37.7 | C12: 5.96 | D12: Yes | E12: No | F12: No | G12: 2 | H12: yes | I12: =IF(B12<18.5,"Underweight",IF(B12<24.9,"Normal weight",IF(B12<29.9,"Overweight","Obesity"))) -> Obesity | J12: =IF(C12<5.7,"Normal",IF(C12<6.4,"Prediabetes","Diabetes")) -> Prediabetes
A13: Id12 | B13: 42.13 | C13: 11.9 | D13: No | E13: No | F13: No | G13: 0 | H13: yes | I13: =IF(B13<18.5,"Underweight",IF(B13<24.9,"Normal weight",IF(B13<29.9,"Overweight","Obesity"))) -> Obesity | J13: =IF(C13<5.7,"Normal",IF(C13<6.4,"Prediabetes","Diabetes")) -> Diabetes
... A2336: Id2335 | B2336: 17.58 | C2336: 4.51 | D2336: No | E2336: No | F2336: No | G2336: 1 | H2336: No | I2336: =IF(B2336<18.5,"Underweight",IF(B2336<24.9,"Normal weight",IF(B2336<29.9,"Overweight","Obesity"))) -> Underweight | J2336: =IF(C2336<5.7,"Normal",IF(C2336<6.4,"Prediabetes","Diabetes")) -> Normal

Sheet Hospitalisation Details
A1: Customer ID | B1: Date of birth | C1: children | D1: charges | E1: Hospital tier | F1: City tier | G1: State ID | H1: Age
A2: Id2335 | B2: 33794 | C2: 0 | D2: 563.84 | E2: tier - 2 | F2: tier - 3 | G2: R1013 | H2: =DATEDIF(B2,J3,"y") -> 30
A3: Id2334 | B3: 33938 | C3: 0 | D3: 570.62 | E3: tier - 2 | F3: tier - 1 | G3: R1013 | H3: =DATEDIF(B3,$J$3,"y") -> 30 | J3: 45085
A4: Id2333 | B4: 34150 | C4: 0 | D4: 600 | E4: tier - 2 | F4: tier - 1 | G4: R1013 | H4: =DATEDIF(B4,$J$3,"y") -> 29
A5: Id2332 | B5: 33860 | C5: 0 | D5: 604.54 | E5: tier - 3 | F5: tier - 3 | G5: R1013 | H5: =DATEDIF(B5,$J$3,"y") -> 30
A6: Id2331 | B6: 36003 | C6: 0 | D6: 637.26 | E6: tier - 3 | F6: tier - 3 | G6: R1013 | H6: =DATEDIF(B6,$J$3,"y") -> 24
A7: Id2330 | B7: 37215 | C7: 0 | D7: 646.14 | E7: tier - 3 | F7: tier - 3 | G7: R1012 | H7: =DATEDIF(B7,$J$3,"y") -> 21
A8: Id2329 | B8: 34121 | C8: 0 | D8: 650 | E8: tier - 3 | F8: tier - 3 | G8: R1013 | H8: =DATEDIF(B8,$J$3,"y") -> 30
A9: Id2328 | B9: 34884 | C9: 0 | D9: 650 | E9: tier - 3 | F9: tier - 3 | G9: R1013 | H9: =DATEDIF(B9,$J$3,"y") -> 27
A10: Id2327 | B10: 37589 | C10: 0 | D10: 668 | E10: tier - 3 | F10: tier - 2 | G10: R1012 | H10: =DATEDIF(B10,$J$3,"y") -> 20
A11: Id2326 | B11: 35743 | C11: 0 | D11: 670 | E11: tier - 3 | F11: tier - 3 | G11: R1013 | H11: =DATEDIF(B11,$J$3,"y") -> 25
A12: Id2325 | B12: 37146 | C12: 0 | D12: 687.54 | E12: tier - 3 | F12: tier - 2 | G12: R1013 | H12: =DATEDIF(B12,$J$3,"y") -> 21
A13: Id2324 | B13: 36520 | C13: 0 | D13: 700 | E13: tier - 2 | F13: tier - 3 | G13: R1013 | H13: =DATEDIF(B13,$J$3,"y") -> 23
A14: Id2323 | B14: 36508 | C14: 0 | D14: 722.99 | E14: tier - 3 | F14: tier - 1 | G14: R1013 | H14: =DATEDIF(B14,$J$3,"y") -> 23
A15: Id2322 | B15: 37518 | C15: 0 | D15: 750 | E15: tier - 3 | F15: tier - 1 | G15: R1012 | H15: =DATEDIF(B15,$J$3,"y") -> 20
... A2344: Id1 | B2344: 25123 | C2344: 0 | D2344: 63770.43 | E2344: tier - 1 | F2344: tier - 3 | G2344: R1013 | H2344: =DATEDIF(B2344,$J$3,"y") -> 54

Sheet Healthcare
A1: customer ID | B1: First name | C1: BMI | D1: HBA1C | E1: Heart issues | F1: Any transplants | G1: Cancer history | H1: Number of major surgeries | I1: smoker | J1: weight status | K1: diabetes status | L1: date of birth | M1: charges | N1: Hospital tier | O1: City tier | P1: state ID | Q1: Age
A2: Id1 | B2: =VLOOKUP(A2, 'Customer Names'!$A$1:$D$2336,3,FALSE) -> Hawks | C2: =VLOOKUP(A2, 'Medical Examinations'!$A$1:$J$2336,2,FALSE) -> 47.41 | D2: =VLOOKUP(A2,'Medical Examinations'!A1:J2336,3,FALSE) -> 7.47 | E2: =VLOOKUP(A2,'Medical Examinations'!A1:J2336,4,FALSE) -> No | F2: =VLOOKUP(A2,'Medical Examinations'!A1:J2336,4,FALSE) -> No | G2: =VLOOKUP(A2,'Medical Examinations'!A2:J2336,6,FALSE) -> No | H2: =VLOOKUP(A2,'Medical Examinations'!A2:J2336,7,FALSE) -> 0 | I2: =VLOOKUP(A2,'Medical Examinations'!A2:J2336,8,FALSE) -> yes | J2: =VLOOKUP(A2,'Medical Examinations'!A2:J2336,9,FALSE) -> Obesity | K2: =VLOOKUP(A2,'Medical Examinations'!A2:J2336,10,FALSE) -> Diabetes | L2: =VLOOKUP(A2,'Hospitalisation Details'!$A$1:$H$2344,2,FALSE) -> 25123 | M2: =VLOOKUP(A2,'Hospitalisation Details'!$A$1:$H$2344,4,FALSE) -> 63770.43 | N2: =VLOOKUP(A2,'Hospitalisation Details'!$A$1:$H$2344,5,FALSE) -> tier - 1 | O2: =VLOOKUP(A2,'Hospitalisation Details'!$A$1:$H$2344,6,FALSE) -> tier - 3 | P2: =VLOOKUP(A2,'Hospitalisation Details'!$A$1:$H$2344,7,FALSE) -> R1013 | Q2: =VLOOKUP(A2,'Hospitalisation Details'!$A$1:$H$2344,8,FALSE) -> 54
A3: Id2 | B3: =VLOOKUP(A3, 'Customer Names'!$A$1:$D$2336,3,FALSE) -> Lehner | C3: =VLOOKUP(A3, 'Medical Examinations'!$A$1:$J$2336,2,FALSE) -> 30.36 | D3: =VLOOKUP(A3,'Medical Examinations'!A2:J2337,3,FALSE) -> 5.77 | E3: =VLOOKUP(A3,'Medical Examinations'!A2:J2337,4,FALSE) -> No | F3: =VLOOKUP(A3,'Medical Examinations'!A2:J2337,4,FALSE) -> No | G3: =VLOOKUP(A3,'Medical Examinations'!A3:J2337,6,FALSE) -> No | H3: =VLOOKUP(A3,'Medical Examinations'!A3:J2337,7,FALSE) -> 0 | I3: =VLOOKUP(A3,'Medical Examinations'!A3:J2337,8,FALSE) -> yes | J3: =VLOOKUP(A3,'Medical Examinations'!A3:J2337,9,FALSE) -> Obesity | K3: =VLOOKUP(A3,'Medical Examinations'!A3:J2337,10,FALSE) -> Prediabetes | L3: =VLOOKUP(A3,'Hospitalisation Details'!$A$1:$H$2344,2,FALSE) -> 28284 | M3: =VLOOKUP(A3,'Hospitalisation Details'!$A$1:$H$2344,4,FALSE) -> 62592.87 | N3: =VLOOKUP(A3,'Hospitalisation Details'!$A$1:$H$2344,5,FALSE) -> tier - 2 | O3: =VLOOKUP(A3,'Hospitalisation Details'!$A$1:$H$2344,6,FALSE) -> tier - 3 | P3: =VLOOKUP(A3,'Hospitalisation Details'!$A$1:$H$2344,7,FALSE) -> R1013 | Q3: =VLOOKUP(A3,'Hospitalisation Details'!$A$1:$H$2344,8,FALSE) -> 46
A4: Id3 | B4: =VLOOKUP(A4, 'Customer Names'!$A$1:$D$2336,3,FALSE) -> Lu | C4: =VLOOKUP(A4, 'Medical Examinations'!$A$1:$J$2336,2,FALSE) -> 34.485 | D4: =VLOOKUP(A4,'Medical Examinations'!A3:J2338,3,FALSE) -> 11.87 | E4: =VLOOKUP(A4,'Medical Examinations'!A3:J2338,4,FALSE) -> Yes | F4: =VLOOKUP(A4,'Medical Examinations'!A3:J2338,4,FALSE) -> Yes | G4: =VLOOKUP(A4,'Medical Examinations'!A4:J2338,6,FALSE) -> No | H4: =VLOOKUP(A4,'Medical Examinations'!A4:J2338,7,FALSE) -> 2 | I4: =VLOOKUP(A4,'Medical Examinations'!A4:J2338,8,FALSE) -> yes | J4: =VLOOKUP(A4,'Medical Examinations'!A4:J2338,9,FALSE) -> Obesity | K4: =VLOOKUP(A4,'Medical Examinations'!A4:J2338,10,FALSE) -> Diabetes | L4: =VLOOKUP(A4,'Hospitalisation Details'!$A$1:$H$2344,2,FALSE) -> 25822 | M4: =VLOOKUP(A4,'Hospitalisation Details'!$A$1:$H$2344,4,FALSE) -> 60021.4 | N4: =VLOOKUP(A4,'Hospitalisation Details'!$A$1:$H$2344,5,FALSE) -> tier - 1 | O4: =VLOOKUP(A4,'Hospitalisation Details'!$A$1:$H$2344,6,FALSE) -> tier - 1 | P4: =VLOOKUP(A4,'Hospitalisation Details'!$A$1:$H$2344,7,FALSE) -> R1012 | Q4: =VLOOKUP(A4,'Hospitalisation Details'!$A$1:$H$2344,8,FALSE) -> 52
A5: Id4 | B5: =VLOOKUP(A5, 'Customer Names'!$A$1:$D$2336,3,FALSE) -> Osborne | C5: =VLOOKUP(A5, 'Medical Examinations'!$A$1:$J$2336,2,FALSE) -> 38.095 | D5: =VLOOKUP(A5,'Medical Examinations'!A4:J2339,3,FALSE) -> 6.05 | E5: =VLOOKUP(A5,'Medical Examinations'!A4:J2339,4,FALSE) -> No | F5: =VLOOKUP(A5,'Medical Examinations'!A4:J2339,4,FALSE) -> No | G5: =VLOOKUP(A5,'Medical Examinations'!A5:J2339,6,FALSE) -> No | H5: =VLOOKUP(A5,'Medical Examinations'!A5:J2339,7,FALSE) -> 0 | I5: =VLOOKUP(A5,'Medical Examinations'!A5:J2339,8,FALSE) -> yes | J5: =VLOOKUP(A5,'Medical Examinations'!A5:J2339,9,FALSE) -> Obesity | K5: =VLOOKUP(A5,'Medical Examinations'!A5:J2339,10,FALSE) -> Prediabetes | L5: =VLOOKUP(A5,'Hospitalisation Details'!$A$1:$H$2344,2,FALSE) -> 33395 | M5: =VLOOKUP(A5,'Hospitalisation Details'!$A$1:$H$2344,4,FALSE) -> 58571.07 | N5: =VLOOKUP(A5,'Hospitalisation Details'!$A$1:$H$2344,5,FALSE) -> tier - 1 | O5: =VLOOKUP(A5,'Hospitalisation Details'!$A$1:$H$2344,6,FALSE) -> tier - 3 | P5: =VLOOKUP(A5,'Hospitalisation Details'!$A$1:$H$2344,7,FALSE) -> R1024 | Q5: =VLOOKUP(A5,'Hospitalisation Details'!$A$1:$H$2344,8,FALSE) -> 32
A6: Id5 | B6: =VLOOKUP(A6, 'Customer Names'!$A$1:$D$2336,3,FALSE) -> Kadala | C6: =VLOOKUP(A6, 'Medical Examinations'!$A$1:$J$2336,2,FALSE) -> 35.53 | D6: =VLOOKUP(A6,'Medical Examinations'!A5:J2340,3,FALSE) -> 5.45 | E6: =VLOOKUP(A6,'Medical Examinations'!A5:J2340,4,FALSE) -> No | F6: =VLOOKUP(A6,'Medical Examinations'!A5:J2340,4,FALSE) -> No | G6: =VLOOKUP(A6,'Medical Examinations'!A6:J2340,6,FALSE) -> No | H6: =VLOOKUP(A6,'Medical Examinations'!A6:J2340,7,FALSE) -> 0 | I6: =VLOOKUP(A6,'Medical Examinations'!A6:J2340,8,FALSE) -> yes | J6: =VLOOKUP(A6,'Medical Examinations'!A6:J2340,9,FALSE) -> Obesity | K6: =VLOOKUP(A6,'Medical Examinations'!A6:J2340,10,FALSE) -> Normal | L6: =VLOOKUP(A6,'Hospitalisation Details'!$A$1:$H$2344,2,FALSE) -> 32678 | M6: =VLOOKUP(A6,'Hospitalisation Details'!$A$1:$H$2344,4,FALSE) -> 55135.4 | N6: =VLOOKUP(A6,'Hospitalisation Details'!$A$1:$H$2344,5,FALSE) -> tier - 1 | O6: =VLOOKUP(A6,'Hospitalisation Details'!$A$1:$H$2344,6,FALSE) -> tier - 2 | P6: =VLOOKUP(A6,'Hospitalisation Details'!$A$1:$H$2344,7,FALSE) -> R1012 | Q6: =VLOOKUP(A6,'Hospitalisation Details'!$A$1:$H$2344,8,FALSE) -> 33
A7: Id6 | B7: =VLOOKUP(A7, 'Customer Names'!$A$1:$D$2336,3,FALSE) -> Baker | C7: =VLOOKUP(A7, 'Medical Examinations'!$A$1:$J$2336,2,FALSE) -> 32.8 | D7: =VLOOKUP(A7,'Medical Examinations'!A6:J2341,3,FALSE) -> 6.59 | E7: =VLOOKUP(A7,'Medical Examinations'!A6:J2341,4,FALSE) -> No | F7: =VLOOKUP(A7,'Medical Examinations'!A6:J2341,4,FALSE) -> No | G7: =VLOOKUP(A7,'Medical Examinations'!A7:J2341,6,FALSE) -> No | H7: =VLOOKUP(A7,'Medical Examinations'!A7:J2341,7,FALSE) -> 0 | I7: =VLOOKUP(A7,'Medical Examinations'!A7:J2341,8,FALSE) -> yes | J7: =VLOOKUP(A7,'Medical Examinations'!A7:J2341,9,FALSE) -> Obesity | K7: =VLOOKUP(A7,'Medical Examinations'!A7:J2341,10,FALSE) -> Diabetes | L7: =VLOOKUP(A7,'Hospitalisation Details'!$A$1:$H$2344,2,FALSE) -> 22862 | M7: =VLOOKUP(A7,'Hospitalisation Details'!$A$1:$H$2344,4,FALSE) -> 52590.83 | N7: =VLOOKUP(A7,'Hospitalisation Details'!$A$1:$H$2344,5,FALSE) -> tier - 1 | O7: =VLOOKUP(A7,'Hospitalisation Details'!$A$1:$H$2344,6,FALSE) -> tier - 3 | P7: =VLOOKUP(A7,'Hospitalisation Details'!$A$1:$H$2344,7,FALSE) -> R1011 | Q7: =VLOOKUP(A7,'Hospitalisation Details'!$A$1:$H$2344,8,FALSE) -> 60
A8: Id7 | B8: =VLOOKUP(A8, 'Customer Names'!$A$1:$D$2336,3,FALSE) -> Macpherson | C8: =VLOOKUP(A8, 'Medical Examinations'!$A$1:$J$2336,2,FALSE) -> 36.4 | D8: =VLOOKUP(A8,'Medical Examinations'!A7:J2342,3,FALSE) -> 6.07 | E8: =VLOOKUP(A8,'Medical Examinations'!A7:J2342,4,FALSE) -> No | F8: =VLOOKUP(A8,'Medical Examinations'!A7:J2342,4,FALSE) -> No | G8: =VLOOKUP(A8,'Medical Examinations'!A8:J2342,6,FALSE) -> No | H8: =VLOOKUP(A8,'Medical Examinations'!A8:J2342,7,FALSE) -> 0 | I8: =VLOOKUP(A8,'Medical Examinations'!A8:J2342,8,FALSE) -> yes | J8: =VLOOKUP(A8,'Medical Examinations'!A8:J2342,9,FALSE) -> Obesity | K8: =VLOOKUP(A8,'Medical Examinations'!A8:J2342,10,FALSE) -> Prediabetes | L8: =VLOOKUP(A8,'Hospitalisation Details'!$A$1:$H$2344,2,FALSE) -> 34634 | M8: =VLOOKUP(A8,'Hospitalisation Details'!$A$1:$H$2344,4,FALSE) -> 51194.56 | N8: =VLOOKUP(A8,'Hospitalisation Details'!$A$1:$H$2344,5,FALSE) -> tier - 1 | O8: =VLOOKUP(A8,'Hospitalisation Details'!$A$1:$H$2344,6,FALSE) -> tier - 3 | P8: =VLOOKUP(A8,'Hospitalisation Details'!$A$1:$H$2344,7,FALSE) -> R1011 | Q8: =VLOOKUP(A8,'Hospitalisation Details'!$A$1:$H$2344,8,FALSE) -> 28
A9: Id8 | B9: =VLOOKUP(A9, 'Customer Names'!$A$1:$D$2336,3,FALSE) -> Hallman | C9: =VLOOKUP(A9, 'Medical Examinations'!$A$1:$J$2336,2,FALSE) -> 36.96 | D9: =VLOOKUP(A9,'Medical Examinations'!A8:J2343,3,FALSE) -> 7.93 | E9: =VLOOKUP(A9,'Medical Examinations'!A8:J2343,4,FALSE) -> No | F9: =VLOOKUP(A9,'Medical Examinations'!A8:J2343,4,FALSE) -> No | G9: =VLOOKUP(A9,'Medical Examinations'!A9:J2343,6,FALSE) -> No | H9: =VLOOKUP(A9,'Medical Examinations'!A9:J2343,7,FALSE) -> 3 | I9: =VLOOKUP(A9,'Medical Examinations'!A9:J2343,8,FALSE) -> yes | J9: =VLOOKUP(A9,'Medical Examinations'!A9:J2343,9,FALSE) -> Obesity | K9: =VLOOKUP(A9,'Medical Examinations'!A9:J2343,10,FALSE) -> Diabetes | L9: =VLOOKUP(A9,'Hospitalisation Details'!$A$1:$H$2344,2,FALSE) -> 21363 | M9: =VLOOKUP(A9,'Hospitalisation Details'!$A$1:$H$2344,4,FALSE) -> 49577.66 | N9: =VLOOKUP(A9,'Hospitalisation Details'!$A$1:$H$2344,5,FALSE) -> tier - 2 | O9: =VLOOKUP(A9,'Hospitalisation Details'!$A$1:$H$2344,6,FALSE) -> tier - 2 | P9: =VLOOKUP(A9,'Hospitalisation Details'!$A$1:$H$2344,7,FALSE) -> R1013 | Q9: =VLOOKUP(A9,'Hospitalisation Details'!$A$1:$H$2344,8,FALSE) -> 64
A10: Id9 | B10: =VLOOKUP(A10, 'Customer Names'!$A$1:$D$2336,3,FALSE) -> Moran | C10: =VLOOKUP(A10, 'Medical Examinations'!$A$1:$J$2336,2,FALSE) -> 41.14 | D10: =VLOOKUP(A10,'Medical Examinations'!A9:J2344,3,FALSE) -> 9.58 | E10: =VLOOKUP(A10,'Medical Examinations'!A9:J2344,4,FALSE) -> Yes | F10: =VLOOKUP(A10,'Medical Examinations'!A9:J2344,4,FALSE) -> Yes | G10: =VLOOKUP(A10,'Medical Examinations'!A10:J2344,6,FALSE) -> Yes | H10: =VLOOKUP(A10,'Medical Examinations'!A10:J2344,7,FALSE) -> 1 | I10: =VLOOKUP(A10,'Medical Examinations'!A10:J2344,8,FALSE) -> yes | J10: =VLOOKUP(A10,'Medical Examinations'!A10:J2344,9,FALSE) -> Obesity | K10: =VLOOKUP(A10,'Medical Examinations'!A10:J2344,10,FALSE) -> Diabetes | L10: =VLOOKUP(A10,'Hospitalisation Details'!$A$1:$H$2344,2,FALSE) -> 23258 | M10: =VLOOKUP(A10,'Hospitalisation Details'!$A$1:$H$2344,4,FALSE) -> 48970.25 | N10: =VLOOKUP(A10,'Hospitalisation Details'!$A$1:$H$2344,5,FALSE) -> tier - 1 | O10: =VLOOKUP(A10,'Hospitalisation Details'!$A$1:$H$2344,6,FALSE) -> tier - 2 | P10: =VLOOKUP(A10,'Hospitalisation Details'!$A$1:$H$2344,7,FALSE) -> R1013 | Q10: =VLOOKUP(A10,'Hospitalisation Details'!$A$1:$H$2344,8,FALSE) -> 59
A11: Id10 | B11: =VLOOKUP(A11, 'Customer Names'!$A$1:$D$2336,3,FALSE) -> Benner | C11: =VLOOKUP(A11, 'Medical Examinations'!$A$1:$J$2336,2,FALSE) -> 38.06 | D11: =VLOOKUP(A11,'Medical Examinations'!A10:J2345,3,FALSE) -> 10.79 | E11: =VLOOKUP(A11,'Medical Examinations'!A10:J2345,4,FALSE) -> No | F11: =VLOOKUP(A11,'Medical Examinations'!A10:J2345,4,FALSE) -> No | G11: =VLOOKUP(A11,'Medical Examinations'!A11:J2345,6,FALSE) -> No | H11: =VLOOKUP(A11,'Medical Examinations'!A11:J2345,7,FALSE) -> 0 | I11: =VLOOKUP(A11,'Medical Examinations'!A11:J2345,8,FALSE) -> yes | J11: =VLOOKUP(A11,'Medical Examinations'!A11:J2345,9,FALSE) -> Obesity | K11: =VLOOKUP(A11,'Medical Examinations'!A11:J2345,10,FALSE) -> Diabetes | L11: =VLOOKUP(A11,'Hospitalisation Details'!$A$1:$H$2344,2,FALSE) -> 28853 | M11: =VLOOKUP(A11,'Hospitalisation Details'!$A$1:$H$2344,4,FALSE) -> 48885.14 | N11: =VLOOKUP(A11,'Hospitalisation Details'!$A$1:$H$2344,5,FALSE) -> tier - 1 | O11: =VLOOKUP(A11,'Hospitalisation Details'!$A$1:$H$2344,6,FALSE) -> tier - 2 | P11: =VLOOKUP(A11,'Hospitalisation Details'!$A$1:$H$2344,7,FALSE) -> R1013 | Q11: =VLOOKUP(A11,'Hospitalisation Details'!$A$1:$H$2344,8,FALSE) -> 44
A12: Id11 | B12: =VLOOKUP(A12, 'Customer Names'!$A$1:$D$2336,3,FALSE) -> Fierro Vargas | C12: =VLOOKUP(A12, 'Medical Examinations'!$A$1:$J$2336,2,FALSE) -> 37.7 | D12: =VLOOKUP(A12,'Medical Examinations'!A11:J2346,3,FALSE) -> 5.96 | E12: =VLOOKUP(A12,'Medical Examinations'!A11:J2346,4,FALSE) -> Yes | F12: =VLOOKUP(A12,'Medical Examinations'!A11:J2346,4,FALSE) -> Yes | G12: =VLOOKUP(A12,'Medical Examinations'!A12:J2346,6,FALSE) -> No | H12: =VLOOKUP(A12,'Medical Examinations'!A12:J2346,7,FALSE) -> 2 | I12: =VLOOKUP(A12,'Medical Examinations'!A12:J2346,8,FALSE) -> yes | J12: =VLOOKUP(A12,'Medical Examinations'!A12:J2346,9,FALSE) -> Obesity | K12: =VLOOKUP(A12,'Medical Examinations'!A12:J2346,10,FALSE) -> Prediabetes | L12: =VLOOKUP(A12,'Hospitalisation Details'!$A$1:$H$2344,2,FALSE) -> 21753 | M12: =VLOOKUP(A12,'Hospitalisation Details'!$A$1:$H$2344,4,FALSE) -> 48824.45 | N12: =VLOOKUP(A12,'Hospitalisation Details'!$A$1:$H$2344,5,FALSE) -> tier - 2 | O12: =VLOOKUP(A12,'Hospitalisation Details'!$A$1:$H$2344,6,FALSE) -> tier - 1 | P12: =VLOOKUP(A12,'Hospitalisation Details'!$A$1:$H$2344,7,FALSE) -> R1011 | Q12: =VLOOKUP(A12,'Hospitalisation Details'!$A$1:$H$2344,8,FALSE) -> 63
A13: Id12 | B13: =VLOOKUP(A13, 'Customer Names'!$A$1:$D$2336,3,FALSE) -> Franz | C13: =VLOOKUP(A13, 'Medical Examinations'!$A$1:$J$2336,2,FALSE) -> 42.13 | D13: =VLOOKUP(A13,'Medical Examinations'!A12:J2347,3,FALSE) -> 11.9 | E13: =VLOOKUP(A13,'Medical Examinations'!A12:J2347,4,FALSE) -> No | F13: =VLOOKUP(A13,'Medical Examinations'!A12:J2347,4,FALSE) -> No | G13: =VLOOKUP(A13,'Medical Examinations'!A13:J2347,6,FALSE) -> No | H13: =VLOOKUP(A13,'Medical Examinations'!A13:J2347,7,FALSE) -> 0 | I13: =VLOOKUP(A13,'Medical Examinations'!A13:J2347,8,FALSE) -> yes | J13: =VLOOKUP(A13,'Medical Examinations'!A13:J2347,9,FALSE) -> Obesity | K13: =VLOOKUP(A13,'Medical Examinations'!A13:J2347,10,FALSE) -> Diabetes | L13: =VLOOKUP(A13,'Hospitalisation Details'!$A$1:$H$2344,2,FALSE) -> 24042 | M13: =VLOOKUP(A13,'Hospitalisation Details'!$A$1:$H$2344,4,FALSE) -> 48675.52 | N13: =VLOOKUP(A13,'Hospitalisation Details'!$A$1:$H$2344,5,FALSE) -> tier - 1 | O13: =VLOOKUP(A13,'Hospitalisation Details'!$A$1:$H$2344,6,FALSE) -> tier - 2 | P13: =VLOOKUP(A13,'Hospitalisation Details'!$A$1:$H$2344,7,FALSE) -> R1013 | Q13: =VLOOKUP(A13,'Hospitalisation Details'!$A$1:$H$2344,8,FALSE) -> 57
... A2336: Id2335 | B2336: =VLOOKUP(A2336, 'Customer Names'!$A$1:$D$2336,3,FALSE) -> German | C2336: =VLOOKUP(A2336, 'Medical Examinations'!$A$1:$J$2336,2,FALSE) -> 17.58 | D2336: =VLOOKUP(A2336,'Medical Examinations'!A2335:J4670,3,FALSE) -> 4.51 | E2336: =VLOOKUP(A2336,'Medical Examinations'!A2335:J4670,4,FALSE) -> No | F2336: =VLOOKUP(A2336,'Medical Examinations'!A2335:J4670,4,FALSE) -> No | G2336: =VLOOKUP(A2336,'Medical Examinations'!A2336:J4670,6,FALSE) -> No | H2336: =VLOOKUP(A2336,'Medical Examinations'!A2336:J4670,7,FALSE) -> 1 | I2336: =VLOOKUP(A2336,'Medical Examinations'!A2336:J4670,8,FALSE) -> No | J2336: =VLOOKUP(A2336,'Medical Examinations'!A2336:J4670,9,FALSE) -> Underweight | K2336: =VLOOKUP(A2336,'Medical Examinations'!A2336:J4670,10,FALSE) -> Normal | L2336: =VLOOKUP(A2336,'Hospitalisation Details'!$A$1:$H$2344,2,FALSE) -> 33794 | M2336: =VLOOKUP(A2336,'Hospitalisation Details'!$A$1:$H$2344,4,FALSE) -> 563.84 | N2336: =VLOOKUP(A2336,'Hospitalisation Details'!$A$1:$H$2344,5,FALSE) -> tier - 2 | O2336: =VLOOKUP(A2336,'Hospitalisation Details'!$A$1:$H$2344,6,FALSE) -> tier - 3 | P2336: =VLOOKUP(A2336,'Hospitalisation Details'!$A$1:$H$2344,7,FALSE) -> R1013 | Q2336: =VLOOKUP(A2336,'Hospitalisation Details'!$A$1:$H$2344,8,FALSE) -> 30

Sheet Sheet9
A3: Sum of charges | B3: Column Labels
A4: Row Labels | B4: Diabetes | C4: Normal | D4: Prediabetes | E4: Grand Total
A5: Normal weight | B5: 1726354.5 | C5: 1674180.5 | D5: 841586.97 | E5: 4242122
A6: Obesity | B6: 8368678.5 | C6: 8546532.1 | D6: 3608462.3 | E6: 20523673
A7: Overweight | B7: 2156107.6 | C7: 2451926.6 | D7: 1004249.6 | E7: 5612283.8
A8: Underweight | B8: 490046.85 | C8: 566702.46 | D8: 157530.57 | E8: 1214279.9
A9: Grand Total | B9: 12741187 | C9: 13239342 | D9: 5611829.5 | E9: 31592359
A13: Weight status | B13: Diabetes | C13: Normal | D13: Prediabetes
A14: Normal weight | B14: 1726354.5 | C14: 1674180.5 | D14: 841586.97
A15: Obesity | B15: 8368678.5 | C15: 8546532.1 | D15: 3608462.3
A16: Overweight | B16: 2156107.6 | C16: 2451926.6 | D16: 1004249.6
A17: Underweight | B17: 490046.85 | C17: 566702.46 | D17: 157530.57

Sheet Sheet2
A3: Count of customer ID | B3: cancer history
A4: smoker | B4: No | C4: Yes | D4: Grand Total
A5: No | B5: 1540 | C5: 307 | D5: 1847
A6: yes | B6: 404 | C6: 84 | D6: 488
A7: Grand Total | B7: 1944 | C7: 391 | D7: 2335
A10: Non-smoker-No cancer | B10: 1540
A11: Non-smoker-cancer | B11: 307
A12: Smoker-No cancer | B12: 404
A13: smoker-cancer | B13: 84

Sheet Sheet4
A3: Row Labels | B3: Sum of Number of major surgeries | C3: Average of HBA1C
A4: No | B4: 783 | C4: 6.5604755
A5: Yes | B5: 796 | C5: 6.6071814
A6: Grand Total | B6: 1579 | C6: 6.5789979
A9: Transplant History | B9: Sum of major surgeries
A10: No | B10: 783
A11: Yes | B11: 796
A13: Transplant History | B13: Average of HBA1C
A14: No | B14: 6.5604755
A15: Yes | B15: 6.6071814

Sheet Sheet1
A3: Average of charges | B3: Column Labels
A4: Row Labels | B4: Diabetes | C4: Grand Total
A5: Normal weight | B5: 12509.815 | C5: 12509.815
A6: Obesity | B6: 19063.049 | C6: 19063.049
A7: Overweight | B7: 13910.372 | C7: 13910.372
A8: Underweight | B8: 7424.9523 | C8: 7424.9523
A9: Grand Total | B9: 15966.4 | C9: 15966.4
B13: Diabetes | C13: Normal | D13: Prediabetes
A14: Normal weight | B14: 12509.815 | C14: 7897.0779 | D14: 10389.963
A15: Obesity | B15: 19063.049 | C15: 15126.605 | D15: 15486.963
A16: Overweight | B16: 13910.372 | C16: 10389.52 | D16: 10042.496
A17: Underweight | B17: 7424.9523 | C17: 6911.0056 | D17: 5626.0918

Sheet Sheet3
A3: Average of charges | B3: Column Labels
A4: State ID | B4: tier - 1 | C4: tier - 2 | D4: tier - 3 | E4: Grand Total
A5: R1011 | B5: 33081.374 | C5: 18997.281 | D5: 9250.3618 | E5: 19466.246
A6: R1012 | B6: 26111.458 | C6: 10334.279 | D6: 10179.942 | E6: 12016.474
A7: R1013 | B7: 31328.102 | C7: 8439.2844 | D7: 6890.7568 | E7: 10514.94
A8: R1014 | B8: 13891.86 | C8: 2395.17 | D8: 16950.485 | E8: 13478.057
A9: R1015 | B9: 21523.52 | C9: 15675.543 | D9: 7570.755 | E9: 13948.61
A10: R1016 | B10: 39868.616 | C10: 16075.963 | D10: 8133.0084 | E10: 13589.263
A11: R1017 | B11: 34070.596 | C11: 11365.622 | D11: 8667.3662 | E11: 14806.108
A12: R1018 | B12: 33475.82 | C12: 10139.553 | D12: 12570.97 | E12: 13272.787
A13: R1019 | B13: 27621.61 | C13: 8116.72 | D13: 12706.976 | E13: 13633.143
A14: R1020 | C14: 6760.5433 | D14: 11716.453 | E14: 9238.4983
A15: R1021 | C15: 7668.1787 | D15: 11518.786 | E15: 8933.3781
A16: R1022 | C16: 10102.027 | D16: 11637.812 | E16: 10650.521
A17: R1023 | B17: 18261.757 | C17: 13457.095 | D17: 12785.637 | E17: 13786.149
A18: R1024 | B18: 32732.187 | C18: 10174.346 | D18: 13360.979 | E18: 12865.149
A19: R1025 | C19: 6886.0368 | D19: 10510.314 | E19: 8788.7823
A20: R1026 | B20: 18709.798 | C20: 11919.608 | D20: 12296.78 | E20: 12489.921
A21: Unknown | B21: 20996.53 | E21: 20996.53
A22: Grand Total | B22: 30129.199 | C22: 11865.269 | D22: 9462.2693 | E22: 13529.918
A24: State ID | B24: Tier-1 | C24: Tier-2 | D24: Tier-3
A25: R1011 | B25: 33081.374 | C25: 18997.281 | D25: 9250.3618
A26: R1012 | B26: 26111.458 | C26: 10334.279 | D26: 10179.942
A27: R1013 | B27: 31328.102 | C27: 8439.2844 | D27: 6890.7568
A28: R1014 | B28: 13891.86 | C28: 2395.17 | D28: 16950.485
A29: R1015 | B29: 21523.52 | C29: 15675.543 | D29: 7570.755
A30: R1016 | B30: 39868.616 | C30: 16075.963 | D30: 8133.0084
A31: R1017 | B31: 34070.596 | C31: 11365.622 | D31: 8667.3662
A32: R1018 | B32: 33475.82 | C32: 10139.553 | D32: 12570.97
A33: R1019 | B33: 27621.61 | C33: 8116.72 | D33: 12706.976
A34: R1020 | C34: 6760.5433 | D34: 11716.453
A35: R1021 | C35: 7668.1787 | D35: 11518.786
A36: R1022 | C36: 10102.027 | D36: 11637.812
A37: R1023 | B37: 18261.757 | C37: 13457.095 | D37: 12785.637
A38: R1024 | B38: 32732.187 | C38: 10174.346 | D38: 13360.979
A39: R1025 | C39: 6886.0368 | D39: 10510.314
A40: R1026 | B40: 18709.798 | C40: 11919.608 | D40: 12296.78
A41: Unknown | B41: 20996.53

Sheet Sheet6
A1: Age | B1: BMI | C1: HBA1C | D1: charges
A2: 54 | B2: 47.41 | C2: 7.47 | D2: 63770.43
A3: 46 | B3: 30.36 | C3: 5.77 | D3: 62592.87
A4: 52 | B4: 34.485 | C4: 11.87 | D4: 60021.4
A5: 32 | B5: 38.095 | C5: 6.05 | D5: 58571.07
A6: 33 | B6: 35.53 | C6: 5.45 | D6: 55135.4
A7: 60 | B7: 32.8 | C7: 6.59 | D7: 52590.83
A8: 28 | B8: 36.4 | C8: 6.07 | D8: 51194.56
A9: 64 | B9: 36.96 | C9: 7.93 | D9: 49577.66
A10: 59 | B10: 41.14 | C10: 9.58 | D10: 48970.25
A11: 44 | B11: 38.06 | C11: 10.79 | D11: 48885.14
A12: 63 | B12: 37.7 | C12: 5.96 | D12: 48824.45
A13: 57 | B13: 42.13 | C13: 11.9 | D13: 48675.52
... A2336: 30 | B2336: 17.58 | C2336: 4.51 | D2336: 563.84

Sheet Dashboard
